<?xml version="1.0" encoding="UTF-8" standalone="yes"?>
<addon id="plugin.program.logviewer"
       name="Easy Log Viewer"
       version="1.0.2a.jcg"
       provider-name="kinkin">
    <requires>
        <import addon="xbmc.python" version="2.1.0"/>
    </requires>
    <extension point="xbmc.python.pluginsource"
               	library="default.py">
        <provides>executable</provides>
    </extension>
    <extension point="xbmc.addon.metadata">
        <platform>all</platform>
        <summary>View your error log from within Kodi</summary>
        <description>Allows you to view errors and warnings in your kodi.log file</description>
        <platform>all</platform>
        <language>en</language>
        <license>GNU GENERAL PUBLIC LICENSE</license>
        <forum></forum>
        <website></website>
        <source></source>
        <email></email>
    </extension>
	
</addon>
