<?xml version="1.0" encoding="UTF-8" standalone="yes"?>
<addon id="build.team.j2mf4" name="[COLOR gold]Team j2mf4 Build[/COLOR]" version="1.0" provider-name="Team j2mf4">
  <requires>
    <import addon="xbmc.python" version="2.1.0"/>
  </requires>
  <extension point="xbmc.python.pluginsource" library="default.py">
        <provides>program executable</provides>
  </extension>
  <extension point="xbmc.addon.metadata">
    <summary>Build Team j2mf4</summary>
    <description>Build Team j2mf4</description>
    <platform>all</platform>
  </extension>
</addon>
