<?xml version="1.0" encoding="UTF-8" standalone="yes"?>
<addon id="repo.team.j2mf4" name="[COLOR orange]Team[/COLOR] [COLOR gold]j2mf4[/COLOR] repo" version="0.1" provider-name="Team j2mf4">
	<extension point="xbmc.addon.repository" name="Team j2mf4 repo">
		<info compressed="false">http://raw.githubusercontent.com/Team-j2mf4/Team-j2mf4/master/addons.xml</info>
		<checksum>http://raw.githubusercontent.com/Team-j2mf4/Team-j2mf4/master/addons.xml.md5</checksum>
		<datadir zip="true">http://raw.githubusercontent.com/Team-j2mf4/Team-j2mf4/master/repo/</datadir>
	</extension>
	<extension point="xbmc.addon.metadata">
		<summary>Team j2mf4 repo</summary>
		<description>Repositório da Team j2mf4</description>
		<disclaimer></disclaimer>
		<platform>all</platform>
	</extension>
</addon>
