<?xml version="1.0" encoding="UTF-8" standalone="yes"?>
<addon id="plugin.video.ravetv"
       name="[COLOR white]Rave [COLOR red]Tv[/COLOR][/COLOR]" 
       version="0.1"
       provider-name="Rave Tv">
<requires>
    <import addon="xbmc.python" version="2.1.0"/>
    <import addon="script.module.beautifulsoup" version="3.2.1"/>
    <import addon="script.module.simple.downloader" version="0.9.4"/>
    <import addon="script.module.beautifulsoup4" />
    <import addon="script.module.requests" />
    <import addon="script.module.httplib2" />
    <import addon="script.module.youtube.dl" />
    <import addon="plugin.video.youtube" optional="true" />
    <import addon="script.module.urlresolver" />
    <import addon="script.module.simplejson" />    
    <import addon="script.module.livestreamer" />
    <import addon="script.module.pyamf" />
	<import addon="plugin.video.f4mTester" />
	<import addon="plugin.video.SportsDevil" />
	<import addon="program.plexus" />
	<import addon="script.module.liveresolver" />
	<import addon="plugin.video.plexus-streams" />
  </requires>
  <extension point="xbmc.python.pluginsource" library="default.py">
    <provides>video</provides>
  </extension>
  <extension point="xbmc.addon.metadata">
    <summary>Kodi addon - Rave Tv</summary>
    <description>Não alojamos qualquer servidor, apenas disponibilizamos links de acesso público na Internet.
Addon disponibilizado para familia e amigos.</description>
    <platform>all</platform>
  </extension>
  </addon>
