<?xml version="1.0" encoding="UTF-8" standalone="yes"?>
<addon id="plugin.program.mkiv" name="[COLOR red][B]MK-IV[/B] [/COLOR][COLOR blue]Wizard[/COLOR]" version="1.0.11" provider-name="[COLOR deepskyblue][B]CamC[/B][/COLOR]">
  <requires>
    <import addon="xbmc.python" version="2.1.0"/>
	<import addon="script.module.addon.common" />
  </requires>
  <extension point="xbmc.python.pluginsource" library="default.py">
        <provides>executable</provides>
  </extension>
  <extension point="xbmc.service" library="service.py" start="startup" />
  <extension point="xbmc.service" library="splash.py" start="startup" />
  <extension point="xbmc.addon.metadata">
    <summary lang="en">A must have multi-tool</summary>
    <description lang="en">A must have multi-tool</description>
    <platform>all</platform>
  </extension>
</addon>
