<?xml version="1.0" encoding="UTF-8" standalone="yes"?>
<addon id="build.ravetv" name="[COLOR white]Rave[/COLOR][COLOR red] Tv [/COLOR][COLOR gold]Build[/COLOR]" version="1.0" provider-name="Rave Tv">
  <requires>
    <import addon="xbmc.python" version="2.1.0"/>
  </requires>
  <extension point="xbmc.python.pluginsource" library="default.py">
        <provides>program executable</provides>
  </extension>
  <extension point="xbmc.addon.metadata">
    <summary>Build Rave Tv</summary>
    <description>Build Rave Tv</description>
    <platform>all</platform>
  </extension>
</addon>
